train_MNLL,train_loss,validation_MNLL,validation_loss,percent_right
0.6904526218792242,0.7407431360180223,0.6866492011608993,0.7369397152996975,0.6712328767123288
0.6885679416577203,0.7400681429577561,0.6804800070085302,0.731980208308566,0.6986301369863014
0.6874199915734832,0.7403036351763621,0.6759158506364346,0.7287994942393135,0.7123287671232876
0.686132536544683,0.7407555769744446,0.6712003213758753,0.7258233618056369,0.684931506849315
0.6854803676469173,0.7419722469824043,0.6679888436476787,0.7244807229831657,0.6986301369863014
